year,season,crop,cultivated_area_ha,harvested_area_ha,production_mt,yield_mt_ha,source
2025,B,Cereals,231223.55310500006,231198.2008607,330446.29119206086,,NISR SAS 2025 Season B Table 6
2024,B,Cereals,243759.78363299998,243132.1631184,346827.0585417247,,NISR SAS 2025 Season B Table 6 (2024B comparator)
2025,B,Maize,93004.99,92978.831099,117710.62025771625,1.265993762950008,NISR SAS 2025 Season B Table 6
2024,B,Maize,92943.75,92748.791176,119101.22948988932,1.2841270272071035,NISR SAS 2025 Season B Table 6 (2024B comparator)
2025,B,Sorghum,107195.15083999999,107195.15083999999,125655.5902792073,1.1722133818045692,NISR SAS 2025 Season B Table 6
2024,B,Sorghum,120004.99717,120004.85261140001,140313.90201543417,1.169235234760039,NISR SAS 2025 Season B Table 6 (2024B comparator)
2025,B,Paddy rice,17969.566365,17969.566365000002,72976.07382234184,4.0610926463133845,NISR SAS 2025 Season B Table 6
2024,B,Paddy rice,17994.34,17578.372528,72834.44384388527,4.14341223727451,NISR SAS 2025 Season B Table 6 (2024B comparator)
2025,B,Wheat,9297.60174,9297.768510000002,11667.10314831459,1.2548283102301703,NISR SAS 2025 Season B Table 6
2024,B,Wheat,10293.733332999998,10293.733323,13045.45468262884,1.2673200551524373,NISR SAS 2025 Season B Table 6 (2024B comparator)
2025,B,Other cereals,3756.795,3756.8840467,2436.903684480884,0.6486502256095525,NISR SAS 2025 Season B Table 6
2024,B,Other cereals,2522.962,2506.41348,1532.0285098870993,0.6216503311790543,NISR SAS 2025 Season B Table 6 (2024B comparator)
2025,B,Tubers and Roots,351073.55428359006,201864.5605787063,1937089.5874868336,,NISR SAS 2025 Season B Table 6
2024,B,Tubers and Roots,328446.11,198308.73311794805,1848075.1695075105,,NISR SAS 2025 Season B Table 6 (2024B comparator)
2025,B,Cassava,196881.3742835901,59052.87382380626,852541.2360327417,14.436913579793519,NISR SAS 2025 Season B Table 6
2024,B,Cassava,172596.4,54679.28335664806,783294.2412300505,14.325247024928597,NISR SAS 2025 Season B Table 6 (2024B comparator)
2025,B,Sweet potato,89679.29,81044.50222810001,652515.1298667592,8.051318867136148,NISR SAS 2025 Season B Table 6
2024,B,Sweet potato,97288.65,86579.72281039998,666814.3436564293,7.701738028391232,NISR SAS 2025 Season B Table 6 (2024B comparator)
2025,B,Irish potato,45939.54,45927.78993570001,314092.53794686176,6.8388341434804225,NISR SAS 2025 Season B Table 6
2024,B,Irish potato,41835.6,41715.942171,285596.10844206973,6.846210191570593,NISR SAS 2025 Season B Table 6 (2024B comparator)
2025,B,Taro &Yams,18573.35,15839.394591099997,117940.68364047109,7.446034819205831,NISR SAS 2025 Season B Table 6
2024,B,Taro &Yams,16725.46,15333.784779899997,112370.47617896089,7.328293555173645,NISR SAS 2025 Season B Table 6 (2024B comparator)
2025,B,Banana,238119.15,93802.84953102306,1166246.6799280932,12.432955776491468,NISR SAS 2025 Season B Table 6
2024,B,Banana,258564.36000000002,92501.41669206406,1142552.1012892856,12.35172543457173,NISR SAS 2025 Season B Table 6 (2024B comparator)
2025,B,Cooking banana,85220.6,30603.601951895598,527108.8854627548,17.223753148119396,NISR SAS 2025 Season B Table 6
2024,B,Cooking banana,90123.38,30323.2643644488,515798.0931370734,17.009979101781617,NISR SAS 2025 Season B Table 6 (2024B comparator)
2025,B,Dessert banana,35831.65,13745.82378860509,154315.48866381534,11.226354348565026,NISR SAS 2025 Season B Table 6
2024,B,Dessert banana,48808.88,13441.519680997264,152891.16470300706,11.374544570221069,NISR SAS 2025 Season B Table 6 (2024B comparator)
2025,B,Banana for beer,117066.9,49453.42379052238,484822.3058015232,9.803614565801572,NISR SAS 2025 Season B Table 6
2024,B,Banana for beer,119632.1,48736.632646618,473862.8434492051,9.722929503257095,NISR SAS 2025 Season B Table 6 (2024B comparator)
2025,B,Legumes and Pulses,399096.031,399029.8707353,269441.3472083177,,NISR SAS 2025 Season B Table 6
2024,B,Legumes and Pulses,398503.439215,398186.9667463,272979.32985642884,,NISR SAS 2025 Season B Table 6 (2024B comparator)
2025,B,Beans,335051.7,334987.58792900003,240720.6245832633,0.7185956532642743,NISR SAS 2025 Season B Table 6
2024,B,Beans,329111.7,328858.2302168,242238.73758198015,0.7366053676755607,NISR SAS 2025 Season B Table 6 (2024B comparator)
2025,B,Bush bean,211973.7,211932.48875400002,132612.2932796641,0.625728948210453,NISR SAS 2025 Season B Table 6
2024,B,Bush bean,207112.2,206871.11097639997,134865.88465614966,0.6519319397454933,NISR SAS 2025 Season B Table 6 (2024B comparator)
2025,B,Climbing bean,123078,123055.09917500001,108108.33130359923,0.8785359731404176,NISR SAS 2025 Season B Table 6
2024,B,Climbing bean,121999.5,121987.1192404,107372.85292583049,0.8801982831829221,NISR SAS 2025 Season B Table 6 (2024B comparator)
2025,B,Pea,8088.941,8087.011749700001,4585.801190894167,0.5670575649978848,NISR SAS 2025 Season B Table 6
2024,B,Pea,8247.943,8244.6549155,4627.651122389998,0.5612910630971331,NISR SAS 2025 Season B Table 6 (2024B comparator)
2025,B,Groundnut,17804.105361,17804.105361,7746.527246042963,0.43509780968898204,NISR SAS 2025 Season B Table 6
2024,B,Groundnut,21085.24,21085.5678705,9062.073418062782,0.4297761138670198,NISR SAS 2025 Season B Table 6 (2024B comparator)
2025,B,Soybean,38152.24,38151.16569560001,16388.39418811726,0.42956470370726685,NISR SAS 2025 Season B Table 6
2024,B,Soybean,40058.556215000004,39998.51374350001,17050.8677339959,0.4262875326653047,NISR SAS 2025 Season B Table 6 (2024B comparator)
2025,B,Vegetables and Fruits,32644.28416905481,25246.670280525017,211069.30694758933,,NISR SAS 2025 Season B Table 6
2024,B,Vegetables and Fruits,30624.05292471627,25188.134513951365,204768.0553158842,,NISR SAS 2025 Season B Table 6 (2024B comparator)
2025,B,Vegetables,20699.34155,19674.250847799995,181271.58421383865,9.213646080664297,NISR SAS 2025 Season B Table 6
2024,B,Vegetables,20160.817851,19842.4249213,177548.88023893922,8.947942650313271,NISR SAS 2025 Season B Table 6 (2024B comparator)
2025,B,Fruits,11944.942619054806,5572.419432725015,29797.7227337507,5.34735819754671,NISR SAS 2025 Season B Table 6
2024,B,Fruits,10463.235073716269,5345.7095926513675,27219.175076944986,5.091779604781113,NISR SAS 2025 Season B Table 6 (2024B comparator)
2025,B,Fodder crops,9992.764902,9548.231377700002,111565.80997310732,11.684447680401888,NISR SAS 2025 Season B Table 6
2024,B,Fodder crops,10331.34,9674.155852099999,107654.35399097978,11.128035937896424,NISR SAS 2025 Season B Table 6 (2024B comparator)
2025,B,Other crops,66373.46765,30538.550856073092,120602.50601830141,3.949188898539946,NISR SAS 2025 Season B Table 6
2024,B,Other crops,58639.12,27507.505257300727,117266.53173725418,4.263074046168932,NISR SAS 2025 Season B Table 6 (2024B comparator)
2026,A,Cereals,309890,309484,616894,,NISR SAS 2026 Season A Final Report - Table 6
2025,A,Cereals,307721,305770,611547,,NISR SAS 2026 Season A Final Report - Table 6 comparator
2026,A,Maize,245405,245001,488622,2.0,NISR SAS 2026 Season A Final Report - Table 6
2025,A,Maize,244095,242439,481246,2.0,NISR SAS 2026 Season A Final Report - Table 6 comparator
2026,A,Sorghum,38302,38300,50065,1.3,NISR SAS 2026 Season A Final Report - Table 6
2025,A,Sorghum,40353,40298,54994,1.4,NISR SAS 2026 Season A Final Report - Table 6 comparator
2026,A,Paddy rice,17209,17208,71080,4.1,NISR SAS 2026 Season A Final Report - Table 6
2025,A,Paddy rice,17312,17078,69680,4.1,NISR SAS 2026 Season A Final Report - Table 6 comparator
2026,A,Wheat,2177,2177,3051,1.4,NISR SAS 2026 Season A Final Report - Table 6
2025,A,Wheat,2391,2384,3144,1.3,NISR SAS 2026 Season A Final Report - Table 6 comparator
2026,A,Other cereals,6798,6798,4077,0.6,NISR SAS 2026 Season A Final Report - Table 6
2025,A,Other cereals,3571,3571,2483,0.7,NISR SAS 2026 Season A Final Report - Table 6 comparator
2026,A,Tubers and Roots,420250,182719,1796079,,NISR SAS 2026 Season A Final Report - Table 6
2025,A,Tubers and Roots,407932,186089,1757286,,NISR SAS 2026 Season A Final Report - Table 6 comparator
2026,A,Cassava,236357,41628,569110,13.7,NISR SAS 2026 Season A Final Report - Table 6
2025,A,Cassava,247839,40090,542874,13.5,NISR SAS 2026 Season A Final Report - Table 6 comparator
2026,A,Sweet potato,96217,76592,675768,8.8,NISR SAS 2026 Season A Final Report - Table 6
2025,A,Sweet potato,82458,78583,656320,8.4,NISR SAS 2026 Season A Final Report - Table 6 comparator
2026,A,Irish potato,55310,55192,491564,8.9,NISR SAS 2026 Season A Final Report - Table 6
2025,A,Irish potato,54485,54465,475785,8.7,NISR SAS 2026 Season A Final Report - Table 6 comparator
2026,A,Yams & Taro,32366,9307,59638,6.4,NISR SAS 2026 Season A Final Report - Table 6
2025,A,Yams & Taro,23150,12951,82307,6.4,NISR SAS 2026 Season A Final Report - Table 6 comparator
2026,A,Banana,267676,112010,1331143,11.9,NISR SAS 2026 Season A Final Report - Table 6
2025,A,Banana,268552,109994,1278234,11.6,NISR SAS 2026 Season A Final Report - Table 6 comparator
2026,A,Cooking banana,99689,41318,610244,14.8,NISR SAS 2026 Season A Final Report - Table 6
2025,A,Cooking banana,104232,41198,590252,14.3,NISR SAS 2026 Season A Final Report - Table 6 comparator
2026,A,Dessert banana,38127,15783,128283,8.1,NISR SAS 2026 Season A Final Report - Table 6
2025,A,Dessert banana,40540,15455,125014,8.1,NISR SAS 2026 Season A Final Report - Table 6 comparator
2026,A,Banana for beer,129860,54909,592616,10.8,NISR SAS 2026 Season A Final Report - Table 6
2025,A,Banana for beer,123780,53341,562968,10.6,NISR SAS 2026 Season A Final Report - Table 6 comparator
2026,A,Legumes and Pulses,375277,375178,254342,,NISR SAS 2026 Season A Final Report - Table 6
2025,A,Legumes and Pulses,377222,377163,256774,,NISR SAS 2026 Season A Final Report - Table 6 comparator
2026,A,Beans,327907,327821,229396,0.7,NISR SAS 2026 Season A Final Report - Table 6
2025,A,Beans,327147,327090,230456,0.7,NISR SAS 2026 Season A Final Report - Table 6 comparator
2026,A,Bush bean,203760,203714,124303,0.6,NISR SAS 2026 Season A Final Report - Table 6
2025,A,Bush bean,202513,202492,126606,0.6,NISR SAS 2026 Season A Final Report - Table 6 comparator
2026,A,Climbing bean,124147,124108,105092,0.8,NISR SAS 2026 Season A Final Report - Table 6
2025,A,Climbing bean,124635,124598,103851,0.8,NISR SAS 2026 Season A Final Report - Table 6 comparator
2026,A,Pea,9563,9563,5894,0.6,NISR SAS 2026 Season A Final Report - Table 6
2025,A,Pea,9882,9880,5984,0.6,NISR SAS 2026 Season A Final Report - Table 6 comparator
2026,A,Groundnut,9262,9248,3796,0.4,NISR SAS 2026 Season A Final Report - Table 6
2025,A,Groundnut,10832,10832,4678,0.4,NISR SAS 2026 Season A Final Report - Table 6 comparator
2026,A,Soybean,28546,28546,15257,0.5,NISR SAS 2026 Season A Final Report - Table 6
2025,A,Soybean,29361,29361,15657,0.5,NISR SAS 2026 Season A Final Report - Table 6 comparator
2026,A,Vegetables and Fruits,27427,26002,188914,,NISR SAS 2026 Season A Final Report - Table 6
2025,A,Vegetables and Fruits,34801,25519,178247,,NISR SAS 2026 Season A Final Report - Table 6 comparator
2026,A,Vegetables,19244,19241,152108,7.9,NISR SAS 2026 Season A Final Report - Table 6
2025,A,Vegetables,20780,19815,149806,7.6,NISR SAS 2026 Season A Final Report - Table 6 comparator
2026,A,Fruits,8183,6761,36806,5.4,NISR SAS 2026 Season A Final Report - Table 6
2025,A,Fruits,14021,5705,28440,5.0,NISR SAS 2026 Season A Final Report - Table 6 comparator
2026,A,Fodder crops,8495,8497,145904,17.2,NISR SAS 2026 Season A Final Report - Table 6
2025,A,Fodder crops,9813,8298,147011,17.7,NISR SAS 2026 Season A Final Report - Table 6 comparator
2026,A,Other crops,71490,10674,69980,6.6,NISR SAS 2026 Season A Final Report - Table 6
2025,A,Other crops,64132,8832,65658,7.4,NISR SAS 2026 Season A Final Report - Table 6 comparator
